{"episode_reward": [-18.0, -19.0, -21.0, -21.0, -21.0, -20.0, -21.0, -21.0, -21.0, -21.0, -20.0, -21.0, -21.0, -21.0, -21.0, -21.0, -18.0, -21.0, -20.0, -21.0, -20.0, -20.0, -20.0, -19.0, -20.0, -20.0, -21.0, -21.0, -21.0, -21.0, -21.0, -21.0, -20.0, -21.0, -18.0, -20.0, -20.0, -20.0, -19.0, -19.0, -21.0, -19.0, -20.0, -21.0, -20.0, -21.0, -20.0, -21.0, -19.0, -21.0, -21.0, -20.0, -19.0, -20.0, -20.0, -21.0, -20.0, -21.0, -20.0, -21.0, -18.0, -19.0, -20.0, -21.0], "nb_steps": [1405, 2758, 3920, 4969, 6111, 7372, 8674, 9681, 10789, 11885, 13163, 14273, 15464, 16642, 17907, 19044, 20637, 21794, 23026, 24163, 25292, 26541, 27757, 29250, 30473, 31749, 32802, 34037, 35330, 36546, 37724, 39066, 40390, 41537, 43016, 44339, 45484, 46675, 48079, 49431, 50461, 51799, 53004, 54159, 55386, 56530, 57725, 58872, 60244, 61330, 62352, 63690, 65075, 66943, 68073, 69108, 70447, 71745, 72893, 74000, 75520, 76820, 78088, 79159], "mean_absolute_error": [NaN, NaN, NaN, NaN, NaN, NaN, NaN, NaN, NaN, NaN, NaN, NaN, NaN, NaN, NaN, NaN, NaN, NaN, NaN, NaN, NaN, NaN, NaN, NaN, NaN, NaN, NaN, NaN, NaN, NaN, NaN, NaN, NaN, NaN, NaN, NaN, NaN, NaN, NaN, NaN, 0.03528820024398358, 0.028586876375076477, 0.04102923612162916, 0.027406772313426832, 0.038908312540100916, 0.05219076838917457, 0.048796273593519846, 0.036651645630754376, 0.02038408362961024, 0.02538938443724285, 0.02925502557818796, 0.03249451019870701, 0.034500561557667106, 0.0348462539922438, 0.036126315833954634, 0.03672514399585798, 0.03456192604307808, 0.04171818752701466, 0.043882207042871865, 0.043428558140885136, 0.04204511518933271, 0.04291848808526993, 0.04730872819288296, 0.043957607945733106], "loss": [NaN, NaN, NaN, NaN, NaN, NaN, NaN, NaN, NaN, NaN, NaN, NaN, NaN, NaN, NaN, NaN, NaN, NaN, NaN, NaN, NaN, NaN, NaN, NaN, NaN, NaN, NaN, NaN, NaN, NaN, NaN, NaN, NaN, NaN, NaN, NaN, NaN, NaN, NaN, NaN, 0.009347980688495306, 0.00865904508075441, 0.009949358381505059, 0.008439637094564561, 0.008245013144577264, 0.00904534867837273, 0.009123568867193456, 0.008288027545503056, 0.009242748806536307, 0.008383622463828915, 0.008705948301640627, 0.009151980320568137, 0.009277885199070746, 0.00807912664602192, 0.008937225484992864, 0.009994478049485443, 0.008008993149855793, 0.008616857841351213, 0.00850850112321166, 0.009344136972607015, 0.00816734617496159, 0.008180657201939119, 0.009710545592397092, 0.00779184423424625], "mean_eps": [NaN, NaN, NaN, NaN, NaN, NaN, NaN, NaN, NaN, NaN, NaN, NaN, NaN, NaN, NaN, NaN, NaN, NaN, NaN, NaN, NaN, NaN, NaN, NaN, NaN, NaN, NaN, NaN, NaN, NaN, NaN, NaN, NaN, NaN, NaN, NaN, NaN, NaN, NaN, NaN, 0.9547912, 0.9539829999999999, 0.9528399999999997, 0.9517780000000001, 0.9507051999999999, 0.9496378000000002, 0.9485848000000001, 0.9475318000000001, 0.9463995999999998, 0.9452926000000003, 0.9443440000000002, 0.9432820000000004, 0.9420562000000002, 0.9405928000000002, 0.9392428, 0.9382689999999998, 0.9372016, 0.9360136000000001, 0.9349120000000003, 0.9338985999999998, 0.9327177999999999, 0.9314487999999999, 0.9302932, 0.9292401999999998], "nb_episode_steps": [1405, 1353, 1162, 1049, 1142, 1261, 1302, 1007, 1108, 1096, 1278, 1110, 1191, 1178, 1265, 1137, 1593, 1157, 1232, 1137, 1129, 1249, 1216, 1493, 1223, 1276, 1053, 1235, 1293, 1216, 1178, 1342, 1324, 1147, 1479, 1323, 1145, 1191, 1404, 1352, 1030, 1338, 1205, 1155, 1227, 1144, 1195, 1147, 1372, 1086, 1022, 1338, 1385, 1868, 1130, 1035, 1339, 1298, 1148, 1107, 1520, 1300, 1268, 1071], "duration": [6.135577917098999, 6.411591053009033, 5.685019016265869, 4.649147033691406, 5.08113694190979, 5.239988088607788, 5.189560890197754, 3.9894070625305176, 4.437276124954224, 4.457642078399658, 5.069252014160156, 4.441584825515747, 4.747888803482056, 4.716650009155273, 5.128108024597168, 4.53090500831604, 6.523295879364014, 4.625159025192261, 4.900291919708252, 4.532033920288086, 4.545494079589844, 5.162606954574585, 4.950079917907715, 5.9425599575042725, 4.9941911697387695, 5.173591136932373, 4.473582983016968, 5.135331153869629, 5.275335073471069, 4.9343581199646, 4.773522138595581, 5.4470179080963135, 5.692044973373413, 4.658966064453125, 5.971134901046753, 5.359633922576904, 4.804337024688721, 4.778401136398315, 5.638890027999878, 5.431359052658081, 27.039315938949585, 69.94250011444092, 63.4440062046051, 61.24340796470642, 65.15448808670044, 65.2882149219513, 65.66437101364136, 58.57122611999512, 75.0331609249115, 59.577709913253784, 60.21894097328186, 86.5960099697113, 83.80851697921753, 111.2332751750946, 62.695773124694824, 55.29009795188904, 75.27234697341919, 74.20469498634338, 64.44177198410034, 63.58030891418457, 87.86369895935059, 69.35662198066711, 69.5427839756012, 57.778411865234375], "episode": [0, 1, 2, 3, 4, 5, 6, 7, 8, 9, 10, 11, 12, 13, 14, 15, 16, 17, 18, 19, 20, 21, 22, 23, 24, 25, 26, 27, 28, 29, 30, 31, 32, 33, 34, 35, 36, 37, 38, 39, 40, 41, 42, 43, 44, 45, 46, 47, 48, 49, 50, 51, 52, 53, 54, 55, 56, 57, 58, 59, 60, 61, 62, 63], "mean_q": [NaN, NaN, NaN, NaN, NaN, NaN, NaN, NaN, NaN, NaN, NaN, NaN, NaN, NaN, NaN, NaN, NaN, NaN, NaN, NaN, NaN, NaN, NaN, NaN, NaN, NaN, NaN, NaN, NaN, NaN, NaN, NaN, NaN, NaN, NaN, NaN, NaN, NaN, NaN, NaN, -0.01530457239170336, -0.020162510853971794, -0.031834483548899825, -0.016447594704174527, -0.03228411446431658, -0.04824096925061691, -0.04085510128324098, -0.028227051495333444, -0.009465643454549437, -0.017488539934514418, -0.02159520179471549, -0.028305940986124437, -0.028504367586699008, -0.030828805237497967, -0.03158020527289634, -0.02867756924021614, -0.029707601788773467, -0.038382846185794246, -0.04021539174357773, -0.04070717163815878, -0.039308370777258746, -0.04078030553001624, -0.041751177388034785, -0.04099894983610555]}